{
  "project_info": {
    "project_number": "748653248146",
    "project_id": "opsc7311poe25may",
    "storage_bucket": "opsc7311poe25may.appspot.com"
  },
  "client": [
    {
      "client_info": {
        "mobilesdk_app_id": "1:748653248146:android:7b433cca0253d234de704b",
        "android_client_info": {
          "package_name": "com.example.opsc7311poe25may"
        }
      },
      "oauth_client": [
        {
          "client_id": "748653248146-uj0u2hhtp0h8t3r1d7jgf949ard9vmpl.apps.googleusercontent.com",
          "client_type": 3
        }
      ],
      "api_key": [
        {
          "current_key": "AIzaSyBCavBMkOUaaWMc-ne20wGRY7aq8X71aQM"
        }
      ],
      "services": {
        "appinvite_service": {
          "other_platform_oauth_client": [
            {
              "client_id": "748653248146-uj0u2hhtp0h8t3r1d7jgf949ard9vmpl.apps.googleusercontent.com",
              "client_type": 3
            }
          ]
        }
      }
    }
  ],
  "configuration_version": "1"
}